-- --------------------------------------------------------
-- Host:                         192.168.10.100
-- Server version:               8.0.42-0ubuntu0.24.04.1 - (Ubuntu)
-- Server OS:                    Linux
-- HeidiSQL Version:             12.10.0.7000
-- --------------------------------------------------------

/*!40101 SET @OLD_CHARACTER_SET_CLIENT=@@CHARACTER_SET_CLIENT */;
/*!40101 SET NAMES utf8 */;
/*!50503 SET NAMES utf8mb4 */;
/*!40103 SET @OLD_TIME_ZONE=@@TIME_ZONE */;
/*!40103 SET TIME_ZONE='+00:00' */;
/*!40014 SET @OLD_FOREIGN_KEY_CHECKS=@@FOREIGN_KEY_CHECKS, FOREIGN_KEY_CHECKS=0 */;
/*!40101 SET @OLD_SQL_MODE=@@SQL_MODE, SQL_MODE='NO_AUTO_VALUE_ON_ZERO' */;
/*!40111 SET @OLD_SQL_NOTES=@@SQL_NOTES, SQL_NOTES=0 */;


-- Dumping database structure for db_sahabat_unggul
CREATE DATABASE IF NOT EXISTS `db_sahabat_unggul` /*!40100 DEFAULT CHARACTER SET utf8mb3 COLLATE utf8mb3_bin */ /*!80016 DEFAULT ENCRYPTION='N' */;
USE `db_sahabat_unggul`;

-- Dumping structure for table db_sahabat_unggul.ie_capacity_analid
CREATE TABLE IF NOT EXISTS `ie_capacity_analid` (
  `anali_id` bigint NOT NULL,
  `anali_proc_id` bigint NOT NULL,
  `anali_fch` double DEFAULT NULL,
  `anali_opr` varchar(100) CHARACTER SET utf8mb3 COLLATE utf8mb3_bin DEFAULT NULL,
  `anali_act_ct1` double DEFAULT NULL,
  `anali_act_ct2` double DEFAULT NULL,
  `add_date` datetime DEFAULT NULL,
  `add_id` bigint DEFAULT NULL,
  `mod_date` datetime DEFAULT NULL,
  `mod_id` bigint DEFAULT NULL,
  PRIMARY KEY (`anali_id`,`anali_proc_id`)
) ENGINE=InnoDB DEFAULT CHARSET=utf8mb3 COLLATE=utf8mb3_bin;

-- Dumping data for table db_sahabat_unggul.ie_capacity_analid: ~460 rows (approximately)
REPLACE INTO `ie_capacity_analid` (`anali_id`, `anali_proc_id`, `anali_fch`, `anali_opr`, `anali_act_ct1`, `anali_act_ct2`, `add_date`, `add_id`, `mod_date`, `mod_id`) VALUES
	(1, 8731, 1.85, 'EKA', 10, 0, '2025-04-24 10:41:25', 1, '2025-05-05 10:06:46', 1),
	(1, 8732, 3.13, 'ZIKA', 16, NULL, '2025-04-24 10:41:26', 1, NULL, NULL),
	(1, 8733, 8.791, 'EDI/ELLA', 40, 35, '2025-04-24 10:41:27', 1, NULL, NULL),
	(1, 8734, 4.158, 'WAHID', 23, NULL, '2025-04-24 10:41:28', 1, NULL, NULL),
	(1, 8735, 3.874, 'ANGGA', 13, NULL, '2025-04-24 10:41:28', 1, NULL, NULL),
	(1, 8736, 8.777, 'NUR', 37, NULL, '2025-04-24 10:41:29', 1, NULL, NULL),
	(1, 8737, 4.192, NULL, NULL, NULL, '2025-04-24 10:41:29', 1, NULL, NULL),
	(1, 8738, 0.2, NULL, NULL, NULL, '2025-04-24 10:41:30', 1, NULL, NULL),
	(1, 8739, 6.47, NULL, NULL, NULL, '2025-04-24 10:41:30', 1, NULL, NULL),
	(1, 8740, 10.994, NULL, NULL, NULL, '2025-04-24 10:41:31', 1, NULL, NULL),
	(5, 4221, 2.727, '', 30, 12, '2025-05-05 12:57:52', 1, '2025-05-05 17:43:45', 136),
	(5, 4223, 3.302, '', 26, 0, '2025-05-05 12:57:52', 1, '2025-05-05 13:07:18', 1),
	(5, 4224, 2.089, '', 10, 0, '2025-05-05 12:57:52', 1, '2025-05-05 13:03:29', 1),
	(5, 4225, 0.614, '', 5, 0, '2025-05-05 12:57:52', 1, '2025-05-05 13:03:41', 1),
	(5, 4226, 4.044, '', 30, 0, '2025-05-05 12:57:52', 1, '2025-05-05 13:04:13', 1),
	(5, 5435, 3.801, '', 13, 0, '2025-05-05 12:57:52', 1, '2025-05-05 13:04:05', 1),
	(9, 3192, 2.985, 'Rl', 52, 36, '2025-05-05 15:15:02', 136, '2025-05-05 15:18:10', 136),
	(9, 3193, 4.025, '65', 23, 965, '2025-05-05 15:15:02', 136, '2025-05-05 15:18:24', 136),
	(9, 3194, 3.578, '', NULL, NULL, '2025-05-05 15:15:02', 136, NULL, NULL),
	(10, 7960, 4.118, '', NULL, NULL, '2025-05-05 15:20:09', 136, NULL, NULL),
	(10, 7961, 5.49, '', NULL, NULL, '2025-05-05 15:20:09', 136, NULL, NULL),
	(10, 7962, 4.692, '', NULL, NULL, '2025-05-05 15:20:09', 136, NULL, NULL),
	(10, 7963, 5.953, '', NULL, NULL, '2025-05-05 15:20:09', 136, NULL, NULL),
	(10, 7964, 4.507, '', NULL, NULL, '2025-05-05 15:20:09', 136, NULL, NULL),
	(10, 7965, 5.175, '', NULL, NULL, '2025-05-05 15:20:09', 136, NULL, NULL),
	(10, 7966, 1.854, '', NULL, NULL, '2025-05-05 15:20:09', 136, NULL, NULL),
	(10, 7967, 6.565, '', NULL, NULL, '2025-05-05 15:20:09', 136, NULL, NULL),
	(10, 7968, 3.042, '', NULL, NULL, '2025-05-05 15:20:09', 136, NULL, NULL),
	(10, 7969, 10.772, '', NULL, NULL, '2025-05-05 15:20:09', 136, NULL, NULL),
	(10, 7970, 9.175, '', NULL, NULL, '2025-05-05 15:20:09', 136, NULL, NULL),
	(10, 7971, 3.042, '', NULL, NULL, '2025-05-05 15:20:09', 136, NULL, NULL),
	(10, 7972, 2.764, '', NULL, NULL, '2025-05-05 15:20:09', 136, NULL, NULL),
	(10, 7973, 7.436, '', NULL, NULL, '2025-05-05 15:20:09', 136, NULL, NULL),
	(10, 7974, 17.78, '', NULL, NULL, '2025-05-05 15:20:09', 136, NULL, NULL),
	(10, 7975, 5.15, '', NULL, NULL, '2025-05-05 15:20:09', 136, NULL, NULL),
	(10, 7976, 9.902, '', NULL, NULL, '2025-05-05 15:20:09', 136, NULL, NULL),
	(10, 7977, 5.99, '', NULL, NULL, '2025-05-05 15:20:09', 136, NULL, NULL),
	(10, 7978, 5.731, '', NULL, NULL, '2025-05-05 15:20:09', 136, NULL, NULL),
	(10, 7979, 6.509, '', NULL, NULL, '2025-05-05 15:20:09', 136, NULL, NULL),
	(10, 7980, 23.045, '', NULL, NULL, '2025-05-05 15:20:09', 136, NULL, NULL),
	(10, 7981, 20.025, '', NULL, NULL, '2025-05-05 15:20:09', 136, NULL, NULL),
	(10, 7982, 8.456, '', NULL, NULL, '2025-05-05 15:20:09', 136, NULL, NULL),
	(10, 7983, 22.254, '', NULL, NULL, '2025-05-05 15:20:09', 136, NULL, NULL),
	(10, 7984, 17.765, '', NULL, NULL, '2025-05-05 15:20:09', 136, NULL, NULL),
	(10, 7985, 44.57, '', NULL, NULL, '2025-05-05 15:20:09', 136, NULL, NULL),
	(10, 7986, 24.324, '', NULL, NULL, '2025-05-05 15:20:09', 136, NULL, NULL),
	(10, 8485, 5, '', NULL, NULL, '2025-05-05 15:20:09', 136, NULL, NULL),
	(11, 10533, 5.657, '', 12, 15, '2025-05-05 17:44:55', 136, '2025-05-05 17:47:14', 136),
	(11, 10534, 1.059, '', NULL, NULL, '2025-05-05 17:44:55', 136, NULL, NULL),
	(11, 10535, 3.562, '', NULL, NULL, '2025-05-05 17:44:55', 136, NULL, NULL),
	(11, 10536, 4.006, '', NULL, NULL, '2025-05-05 17:44:55', 136, NULL, NULL),
	(11, 10537, 4.283, '', NULL, NULL, '2025-05-05 17:44:55', 136, NULL, NULL),
	(11, 10538, 8.883, '', NULL, NULL, '2025-05-05 17:44:55', 136, NULL, NULL),
	(11, 10539, 4.248, '', NULL, NULL, '2025-05-05 17:44:55', 136, NULL, NULL),
	(11, 10540, 7.8, '', NULL, NULL, '2025-05-05 17:44:55', 136, NULL, NULL),
	(11, 10541, 2.114, '', NULL, NULL, '2025-05-05 17:44:55', 136, NULL, NULL),
	(11, 10542, 2.614, '', NULL, NULL, '2025-05-05 17:44:55', 136, NULL, NULL),
	(11, 10543, 5.137, '', NULL, NULL, '2025-05-05 17:44:55', 136, NULL, NULL),
	(11, 10544, 3.358, '', NULL, NULL, '2025-05-05 17:44:55', 136, NULL, NULL),
	(11, 10545, 2.764, '', NULL, NULL, '2025-05-05 17:44:55', 136, NULL, NULL),
	(11, 10546, 2.596, '', NULL, NULL, '2025-05-05 17:44:55', 136, NULL, NULL),
	(11, 10547, 3.506, '', NULL, NULL, '2025-05-05 17:44:55', 136, NULL, NULL),
	(11, 10548, 7.251, '', NULL, NULL, '2025-05-05 17:44:55', 136, NULL, NULL),
	(11, 10549, 7.27, '', NULL, NULL, '2025-05-05 17:44:55', 136, NULL, NULL),
	(11, 10550, 2.987, '', NULL, NULL, '2025-05-05 17:44:55', 136, NULL, NULL),
	(11, 10551, 4.952, '', NULL, NULL, '2025-05-05 17:44:55', 136, NULL, NULL),
	(11, 10552, 7.195, '', NULL, NULL, '2025-05-05 17:44:55', 136, NULL, NULL),
	(11, 10553, 7.659, '', NULL, NULL, '2025-05-05 17:44:55', 136, NULL, NULL),
	(11, 10554, 6.231, '', NULL, NULL, '2025-05-05 17:44:55', 136, NULL, NULL),
	(11, 10555, 0.614, '', NULL, NULL, '2025-05-05 17:44:55', 136, NULL, NULL),
	(11, 10556, 0.2, '', NULL, NULL, '2025-05-05 17:44:55', 136, NULL, NULL),
	(11, 10557, 7.27, '', NULL, NULL, '2025-05-05 17:44:55', 136, NULL, NULL),
	(11, 10558, 4.489, '', NULL, NULL, '2025-05-05 17:44:55', 136, NULL, NULL),
	(11, 10559, 2.783, '', NULL, NULL, '2025-05-05 17:44:55', 136, NULL, NULL),
	(11, 10560, 23.416, '', NULL, NULL, '2025-05-05 17:44:55', 136, NULL, NULL),
	(11, 10561, 21.38, '', NULL, NULL, '2025-05-05 17:44:55', 136, NULL, NULL),
	(11, 10615, 13.163, '', NULL, NULL, '2025-05-05 17:44:55', 136, NULL, NULL),
	(13, 8881, 2.356, 'Edo', 11, 0, '2025-05-08 15:50:46', 136, '2025-05-08 15:51:15', 136),
	(13, 8882, 4.081, 'Ria', 13, 0, '2025-05-08 15:50:46', 136, '2025-05-08 15:51:34', 136),
	(13, 8883, 4.261, 'Nitro', 15, 0, '2025-05-08 15:50:46', 136, '2025-05-10 08:54:27', 136),
	(13, 8884, 0.614, '', 3, 0, '2025-05-08 15:50:46', 136, '2025-05-08 15:55:59', 136),
	(13, 8885, 4.692, '', 21, 0, '2025-05-08 15:50:46', 136, '2025-05-08 15:52:06', 136),
	(13, 8886, 6.064, 'Juan', 13, 0, '2025-05-08 15:50:46', 136, '2025-05-08 15:52:19', 136),
	(13, 8887, 3.71, '', 16, 0, '2025-05-08 15:50:46', 136, '2025-05-08 15:52:31', 136),
	(13, 8888, 8.122, 'Sugito', 25, 0, '2025-05-08 15:50:46', 136, '2025-05-08 15:52:40', 136),
	(13, 8889, 5.304, 'Karmila', 20, 0, '2025-05-08 15:50:46', 136, '2025-05-08 15:52:50', 136),
	(13, 8890, 6.083, 'Pras', 21, 0, '2025-05-08 15:50:46', 136, '2025-05-08 15:53:02', 136),
	(13, 8891, 6.081, '', 38, 0, '2025-05-08 15:50:46', 136, '2025-05-10 08:52:56', 136),
	(16, 10666, 3.389, 'NABILA', 15, 0, '2025-05-10 14:01:05', 136, '2025-05-10 14:03:54', 136),
	(16, 10667, 3.083, 'PARIYATI', 24, 0, '2025-05-10 14:01:05', 136, '2025-05-10 14:04:16', 136),
	(16, 10668, 0.614, '', NULL, NULL, '2025-05-10 14:01:05', 136, NULL, NULL),
	(16, 10669, 4.362, 'SINTA & NIEL', 21, 39, '2025-05-10 14:01:05', 136, '2025-05-10 14:04:43', 136),
	(16, 10670, 5.058, 'IRUL & DEVI', 23, 20, '2025-05-10 14:01:05', 136, '2025-05-10 14:05:10', 136),
	(16, 10671, 3.565, 'DWI', 32, 0, '2025-05-10 14:01:05', 136, '2025-05-10 14:05:23', 136),
	(16, 10672, 4.45, 'JEFRI', 45, 0, '2025-05-10 14:01:05', 136, '2025-05-10 14:05:38', 136),
	(16, 10673, 3.719, 'MARIA', 23, 0, '2025-05-10 14:01:05', 136, '2025-05-10 14:05:54', 136),
	(16, 10674, 0.2, '', NULL, NULL, '2025-05-10 14:01:05', 136, NULL, NULL),
	(16, 10675, 7.644, 'DANI', 13, 0, '2025-05-10 14:01:05', 136, '2025-05-10 14:06:06', 136),
	(16, 10676, 1.724, '', NULL, NULL, '2025-05-10 14:01:05', 136, NULL, NULL),
	(16, 10677, 8.714, 'IKA & PEGAH', 60, 0, '2025-05-10 14:01:05', 136, '2025-05-10 14:06:23', 136),
	(18, 7758, 5.416, 'AHMAD/RIZKY', 12, 35, '2025-05-13 08:23:07', 136, '2025-05-13 08:24:57', 136),
	(18, 7759, 3.914, 'Javanes', 10, 0, '2025-05-13 08:23:07', 136, '2025-05-13 08:26:04', 136),
	(18, 7760, 0.2, '', NULL, NULL, '2025-05-13 08:23:07', 136, NULL, NULL),
	(18, 7761, 1.724, '', NULL, NULL, '2025-05-13 08:23:07', 136, NULL, NULL),
	(18, 7762, 5.951, 'SIDIANI', 15, 0, '2025-05-13 08:23:07', 136, '2025-05-13 08:26:57', 136),
	(18, 7763, 5.095, 'FAIZAH', 15, 0, '2025-05-13 08:23:07', 136, '2025-05-13 08:31:16', 136),
	(19, 8116, 5.1, 'ANDIN', 18, 0, '2025-05-13 08:45:51', 136, '2025-05-13 08:49:14', 136),
	(19, 8117, 3.265, 'ALISA', 12, 0, '2025-05-13 08:45:51', 136, '2025-05-13 08:50:26', 136),
	(19, 8118, 0.2, '', NULL, NULL, '2025-05-13 08:45:51', 136, NULL, NULL),
	(19, 8119, 2.503, 'NOVI', 18, 0, '2025-05-13 08:45:51', 136, '2025-05-13 10:53:53', 136),
	(19, 8120, 4.209, 'ERNA', 24, 0, '2025-05-13 08:45:51', 136, '2025-05-13 08:52:21', 136),
	(19, 8121, 0.2, '', NULL, NULL, '2025-05-13 08:45:51', 136, NULL, NULL),
	(19, 8122, 7.677, 'RIANA/YULIA ', 40, 40, '2025-05-13 08:45:51', 136, '2025-05-13 10:57:41', 136),
	(19, 8123, 9.515, 'RITA', 35, 0, '2025-05-13 08:45:51', 136, '2025-05-13 11:01:57', 136),
	(20, 6453, 1, '', NULL, NULL, '2025-05-13 11:20:10', 136, NULL, NULL),
	(20, 6454, 4.017, '', NULL, NULL, '2025-05-13 11:20:10', 136, NULL, NULL),
	(20, 6455, 2.774, '', NULL, NULL, '2025-05-13 11:20:10', 136, NULL, NULL),
	(20, 6456, 3.969, '', NULL, NULL, '2025-05-13 11:20:10', 136, NULL, NULL),
	(20, 6457, 3.969, '', NULL, NULL, '2025-05-13 11:20:10', 136, NULL, NULL),
	(20, 6458, 2.969, '', NULL, NULL, '2025-05-13 11:20:10', 136, NULL, NULL),
	(20, 6459, 4.842, 'Difa/Julia', 37, 35, '2025-05-13 11:20:10', 136, '2025-05-13 11:28:42', 136),
	(20, 6460, 5.434, '', NULL, NULL, '2025-05-13 11:20:10', 136, NULL, NULL),
	(20, 6461, 3.711, '', NULL, NULL, '2025-05-13 11:20:10', 136, NULL, NULL),
	(20, 6462, 3.766, '', NULL, NULL, '2025-05-13 11:20:10', 136, NULL, NULL),
	(20, 6463, 0.2, '', NULL, NULL, '2025-05-13 11:20:10', 136, NULL, NULL),
	(20, 6464, 5.472, '', NULL, NULL, '2025-05-13 11:20:10', 136, NULL, NULL),
	(20, 6465, 3.802, '', NULL, NULL, '2025-05-13 11:20:10', 136, NULL, NULL),
	(20, 6466, 9.648, '', NULL, NULL, '2025-05-13 11:20:10', 136, NULL, NULL),
	(21, 8135, 2.95, '', NULL, NULL, '2025-05-16 08:33:07', 136, NULL, NULL),
	(21, 8136, 5.026, 'Sugito(DLD)', 14, 0, '2025-05-16 08:33:07', 136, '2025-05-16 09:00:28', 136),
	(21, 8137, 4.433, 'Karmila', 15, 0, '2025-05-16 08:33:07', 136, '2025-05-16 09:00:57', 136),
	(21, 8138, 9.022, 'Karmila', 28, 32, '2025-05-16 08:33:07', 136, '2025-05-16 09:01:18', 136),
	(21, 8139, 7.084, 'Celsin', 15, 0, '2025-05-16 08:33:07', 136, '2025-05-16 09:01:39', 136),
	(21, 8140, 0.2, '', NULL, NULL, '2025-05-16 08:33:07', 136, NULL, NULL),
	(21, 8141, 8.751, 'Edo & ', 34, 40, '2025-05-16 08:33:07', 136, '2025-05-16 09:02:34', 136),
	(21, 8142, 4.785, 'Ria', 22, 0, '2025-05-16 08:33:07', 136, '2025-05-16 09:02:45', 136),
	(21, 8143, 0.2, '', NULL, NULL, '2025-05-16 08:33:07', 136, NULL, NULL),
	(21, 8144, 7.399, 'Nitor', 23, 0, '2025-05-16 08:33:07', 136, '2025-05-16 09:02:57', 136),
	(21, 8145, 3.988, 'Prass', 14, 0, '2025-05-16 08:33:07', 136, '2025-05-16 09:03:06', 136),
	(21, 8146, 10.542, '', NULL, NULL, '2025-05-16 08:33:07', 136, NULL, NULL),
	(22, 10794, 7.956, '', 50, 0, '2025-05-16 09:05:53', 136, '2025-05-16 09:06:57', 136),
	(22, 10795, 6.231, '', 48, 0, '2025-05-16 09:05:53', 136, '2025-05-16 09:07:13', 136),
	(22, 10796, 6.695, '', 72, 0, '2025-05-16 09:05:53', 136, '2025-05-16 09:07:22', 136),
	(22, 10797, 2.245, '', NULL, NULL, '2025-05-16 09:05:53', 136, NULL, NULL),
	(22, 10798, 16.983, '', 124, 0, '2025-05-16 09:05:53', 136, '2025-05-16 09:19:41', 136),
	(22, 10799, 6.99, '', NULL, NULL, '2025-05-16 09:05:53', 136, NULL, NULL),
	(22, 10800, 17.411, '', NULL, NULL, '2025-05-16 09:05:53', 136, NULL, NULL),
	(22, 10801, 9.73, '', NULL, NULL, '2025-05-16 09:05:53', 136, NULL, NULL),
	(22, 10802, 3.958, '', NULL, NULL, '2025-05-16 09:05:53', 136, NULL, NULL),
	(22, 10803, 3.079, '', NULL, NULL, '2025-05-16 09:05:53', 136, NULL, NULL),
	(22, 10804, 4.654, '', 61, 0, '2025-05-16 09:05:53', 136, '2025-05-16 10:02:11', 136),
	(22, 10805, 7.657, '', 124, 0, '2025-05-16 09:05:53', 136, '2025-05-16 09:54:21', 136),
	(22, 10806, 19.986, '2 orang ', 93, 0, '2025-05-16 09:05:53', 136, '2025-05-16 09:42:29', 136),
	(22, 10807, 15.351, 'Bartek', 28, 0, '2025-05-16 09:05:53', 136, '2025-05-16 09:33:50', 136),
	(22, 10808, 6.482, '', NULL, NULL, '2025-05-16 09:05:53', 136, NULL, NULL),
	(23, 6453, 1, '', NULL, NULL, '2025-05-16 10:16:39', 136, NULL, NULL),
	(23, 6454, 4.017, 'Andika', 8, 0, '2025-05-16 10:16:39', 136, '2025-05-16 10:41:16', 136),
	(23, 6455, 2.774, 'Anwar', 11, 0, '2025-05-16 10:16:39', 136, '2025-05-16 10:43:23', 136),
	(23, 6456, 3.969, 'Resti', 17, 0, '2025-05-16 10:16:39', 136, '2025-05-16 10:26:04', 136),
	(23, 6457, 3.969, '', NULL, NULL, '2025-05-16 10:16:39', 136, NULL, NULL),
	(23, 6458, 2.969, '', NULL, NULL, '2025-05-16 10:16:39', 136, NULL, NULL),
	(23, 6459, 4.842, 'Difa&Julia', 8, 0, '2025-05-16 10:16:39', 136, '2025-05-16 10:19:17', 136),
	(23, 6460, 5.434, 'Zaghi', 10, 0, '2025-05-16 10:16:39', 136, '2025-05-16 10:28:26', 136),
	(23, 6461, 3.711, 'Wulan', 15, 0, '2025-05-16 10:16:39', 136, '2025-05-16 10:36:19', 136),
	(23, 6462, 3.766, 'Anesia', 24, 0, '2025-05-16 10:16:39', 136, '2025-05-16 10:59:08', 136),
	(23, 6463, 0.2, '', 0, 0, '2025-05-16 10:16:39', 136, '2025-05-16 13:04:14', 136),
	(23, 6464, 5.472, 'Arif&Hanif', 34, 0, '2025-05-16 10:16:39', 136, '2025-05-16 10:34:18', 136),
	(23, 6465, 3.802, 'Rafli', 13, 0, '2025-05-16 10:16:39', 136, '2025-05-16 10:46:33', 136),
	(23, 6466, 9.648, '', NULL, NULL, '2025-05-16 10:16:39', 136, NULL, NULL),
	(26, 2151, 4.827, 'Wildan', 18, 0, '2025-05-16 14:13:18', 136, '2025-05-16 14:14:00', 136),
	(26, 2152, 4.341, 'Alex', 18, 0, '2025-05-16 14:13:18', 136, '2025-05-16 14:38:09', 136),
	(26, 2153, 8.29, 'Andin/Erna', 85, 85, '2025-05-16 14:13:18', 136, '2025-05-16 14:21:48', 136),
	(26, 2154, 7.882, 'Riana/Noviana', 90, 70, '2025-05-16 14:13:18', 136, '2025-05-16 14:34:11', 136),
	(26, 2155, 3.214, 'Yulia', 17, 0, '2025-05-16 14:13:18', 136, '2025-05-16 14:23:54', 136),
	(26, 2156, 0.2, '', NULL, NULL, '2025-05-16 14:13:18', 136, NULL, NULL),
	(26, 2157, 4.804, 'Dayat', 30, 0, '2025-05-16 14:13:18', 136, '2025-05-16 14:27:43', 136),
	(26, 2158, 1.724, '', NULL, NULL, '2025-05-16 14:13:18', 136, NULL, NULL),
	(26, 2159, 2.117, '', NULL, NULL, '2025-05-16 14:13:18', 136, NULL, NULL),
	(26, 2160, 9.24, '', 45, 0, '2025-05-16 14:13:18', 136, '2025-05-16 14:26:28', 136),
	(27, 3847, 3.395, '', 8, 0, '2025-05-16 14:34:54', 136, '2025-05-16 14:36:13', 136),
	(27, 3848, 4.896, '', 15, 0, '2025-05-16 14:34:54', 136, '2025-05-16 14:36:33', 136),
	(27, 3849, 3.838, '', 28, 24, '2025-05-16 14:34:54', 136, '2025-05-16 14:37:04', 136),
	(27, 3850, 4.489, '', 15, 0, '2025-05-16 14:34:54', 136, '2025-05-16 14:37:22', 136),
	(27, 3851, 5.175, '', 22, 0, '2025-05-16 14:34:54', 136, '2025-05-16 14:37:37', 136),
	(27, 3852, 7.27, '', 31, 27, '2025-05-16 14:34:54', 136, '2025-05-16 14:38:10', 136),
	(27, 3853, 5.518, '', 24, 0, '2025-05-16 14:34:54', 136, '2025-05-16 14:38:20', 136),
	(27, 3854, 3.84, '', 20, 0, '2025-05-16 14:34:54', 136, '2025-05-16 14:38:40', 136),
	(27, 3855, 8.883, '', 16, 0, '2025-05-16 14:34:54', 136, '2025-05-16 14:39:07', 136),
	(27, 3856, 8.975, '', 49, 32, '2025-05-16 14:34:54', 136, '2025-05-16 14:39:40', 136),
	(27, 3857, 7.045, '', 24, 0, '2025-05-16 14:34:54', 136, '2025-05-16 14:40:02', 136),
	(27, 3858, 4.394, '', 15, 0, '2025-05-16 14:34:54', 136, '2025-05-16 14:40:14', 136),
	(27, 3859, 0.2, '', NULL, NULL, '2025-05-16 14:34:54', 136, NULL, NULL),
	(27, 3860, 4.359, '', 10, 0, '2025-05-16 14:34:54', 136, '2025-05-16 14:40:31', 136),
	(27, 3861, 2, '', NULL, NULL, '2025-05-16 14:34:54', 136, NULL, NULL),
	(27, 3862, 2.8, '', NULL, NULL, '2025-05-16 14:34:54', 136, NULL, NULL),
	(27, 3863, 3.022, '', 11, 0, '2025-05-16 14:34:54', 136, '2025-05-16 14:40:47', 136),
	(27, 3864, 3.467, '', 7, 0, '2025-05-16 14:34:54', 136, '2025-05-16 14:40:58', 136),
	(27, 3865, 1.724, '', NULL, NULL, '2025-05-16 14:34:54', 136, NULL, NULL),
	(27, 3866, 13.473, '', 59, 0, '2025-05-16 14:34:54', 136, '2025-05-16 14:42:27', 136),
	(27, 3867, 8.899, '', 48, 0, '2025-05-16 14:34:54', 136, '2025-05-16 14:41:38', 136),
	(28, 8877, 1.8, '', 10, 0, '2025-05-16 14:44:12', 136, '2025-05-16 14:44:32', 136),
	(28, 8878, 1.689, '', 11, 0, '2025-05-16 14:44:12', 136, '2025-05-16 14:44:46', 136),
	(28, 8879, 3.523, '', 20, 25, '2025-05-16 14:44:12', 136, '2025-05-16 14:45:10', 136),
	(28, 8880, 3.12, '', 36, 0, '2025-05-16 14:44:12', 136, '2025-05-16 14:45:21', 136),
	(29, 6473, 3.283, '', 17, 0, '2025-05-16 14:47:50', 136, '2025-05-16 14:48:08', 136),
	(29, 6474, 5.675, '', 19, 0, '2025-05-16 14:47:50', 136, '2025-05-16 14:48:20', 136),
	(29, 6475, 5.675, '', 26, 33, '2025-05-16 14:47:50', 136, '2025-05-16 14:48:43', 136),
	(29, 6476, 3.821, '', 28, 27, '2025-05-16 14:47:50', 136, '2025-05-16 14:49:09', 136),
	(29, 6477, 0.1, '', NULL, NULL, '2025-05-16 14:47:50', 136, NULL, NULL),
	(29, 6478, 3.932, '', 18, 0, '2025-05-16 14:47:50', 136, '2025-05-16 14:49:30', 136),
	(29, 6479, 1.724, '', NULL, NULL, '2025-05-16 14:47:50', 136, NULL, NULL),
	(29, 6480, 7.16, '', 22, 0, '2025-05-16 14:47:50', 136, '2025-05-16 14:50:13', 136),
	(30, 7870, 6.343, 'Jemy', 14, 0, '2025-05-16 15:48:22', 136, '2025-05-16 15:48:46', 136),
	(30, 7871, 1.248, '', NULL, NULL, '2025-05-16 15:48:22', 136, NULL, NULL),
	(30, 7872, 1.724, '', NULL, NULL, '2025-05-16 15:48:22', 136, NULL, NULL),
	(30, 7873, 8.992, 'Ricky & sisko', 34, 36, '2025-05-16 15:48:22', 136, '2025-05-16 15:50:21', 136),
	(30, 7874, 0.2, '', NULL, NULL, '2025-05-16 15:48:22', 136, NULL, NULL),
	(30, 7875, 3.43, 'Sandro', 16, 0, '2025-05-16 15:48:22', 136, '2025-05-16 15:50:40', 136),
	(30, 11172, 4.523, '', 57, 0, '2025-05-16 15:48:22', 136, '2025-05-16 15:50:48', 136),
	(31, 7857, 5.137, 'Juan', 10, 0, '2025-05-16 15:51:43', 136, '2025-05-16 15:51:59', 136),
	(31, 7858, 1.248, 'Na', 0, 0, '2025-05-16 15:51:43', 136, '2025-05-17 14:58:16', 136),
	(31, 7859, 8.732, 'Mariano & ane', 36, 42, '2025-05-16 15:51:43', 136, '2025-05-16 15:52:42', 136),
	(31, 7860, 0.2, 'Na', 0, 0, '2025-05-16 15:51:43', 136, '2025-05-17 14:58:11', 136),
	(31, 7861, 6.621, 'Samudra & ', 38, 42, '2025-05-16 15:51:43', 136, '2025-05-16 15:53:17', 136),
	(31, 7862, 9.719, 'Vikaria', 62, 0, '2025-05-16 15:51:43', 136, '2025-05-16 15:53:31', 136),
	(32, 6473, 3.283, 'JELVI', 15, 0, '2025-05-19 10:57:42', 136, '2025-05-19 11:00:53', 136),
	(32, 6474, 5.675, 'USSY', 15, 0, '2025-05-19 10:57:42', 136, '2025-05-19 11:00:57', 136),
	(32, 6475, 5.675, 'DEFIRA & ELVA', 30, 20, '2025-05-19 10:57:42', 136, '2025-05-19 11:01:17', 136),
	(32, 6476, 3.821, 'NANDA & DEFIRA', 10, 20, '2025-05-19 10:57:42', 136, '2025-05-19 11:01:33', 136),
	(32, 6477, 0.1, 'NA', 0, 0, '2025-05-19 10:57:42', 136, '2025-05-19 11:00:11', 136),
	(32, 6478, 3.932, 'ALI', 18, 0, '2025-05-19 10:57:42', 136, '2025-05-19 11:01:36', 136),
	(32, 6479, 1.724, 'NA', 0, 0, '2025-05-19 10:57:42', 136, '2025-05-19 11:00:28', 136),
	(32, 6480, 7.16, 'ARI', 24, 0, '2025-05-19 10:57:42', 136, '2025-05-19 11:01:39', 136),
	(33, 9861, 2.133, 'Aldi', 15, 0, '2025-05-19 16:20:21', 136, '2025-05-19 16:22:31', 136),
	(33, 9862, 3.46, 'Yanto', 8, 0, '2025-05-19 16:20:21', 136, '2025-05-19 16:23:32', 136),
	(33, 9863, 0.614, '', NULL, NULL, '2025-05-19 16:20:21', 136, NULL, NULL),
	(33, 9864, 2.689, 'Alan', 23, 0, '2025-05-19 16:20:21', 136, '2025-05-19 16:25:34', 136),
	(33, 9865, 3.522, 'Mifthaul', 18, 0, '2025-05-19 16:20:21', 136, '2025-05-19 16:28:14', 136),
	(33, 9866, 4.557, 'Dedi', 16, 0, '2025-05-19 16:20:21', 136, '2025-05-19 16:29:41', 136),
	(33, 9867, 5.16, 'Sherlin', 22, 0, '2025-05-19 16:20:21', 136, '2025-05-19 18:26:41', 136),
	(34, 10375, 4.081, 'Yahya', 13, 0, '2025-05-20 09:02:09', 136, '2025-05-20 09:03:34', 136),
	(34, 10376, 3.615, 'Eman', 13, 0, '2025-05-20 09:02:09', 136, '2025-05-20 13:16:48', 136),
	(34, 10377, 4.776, 'Abdi', 20, 0, '2025-05-20 09:02:09', 136, '2025-05-20 09:13:38', 136),
	(34, 10378, 5.082, 'Dio', 13, 0, '2025-05-20 09:02:09', 136, '2025-05-20 12:57:43', 136),
	(34, 10379, 2.076, 'Dio', 7, 0, '2025-05-20 09:02:09', 136, '2025-05-20 12:59:09', 136),
	(34, 10380, 2.95, 'Dio', 10, 0, '2025-05-20 09:02:09', 136, '2025-05-20 12:59:13', 136),
	(34, 10381, 5.286, 'Ira', 19, 0, '2025-05-20 09:02:09', 136, '2025-05-20 12:52:34', 136),
	(34, 10382, 4.85, 'Iza/Yusta', 33, 27, '2025-05-20 09:02:09', 136, '2025-05-20 12:55:11', 136),
	(34, 10383, 2.41, 'Iza', 6, 0, '2025-05-20 09:02:09', 136, '2025-05-20 09:11:09', 136),
	(34, 10384, 5.961, 'Halimahh', 26, 20, '2025-05-20 09:02:09', 136, '2025-05-20 12:47:47', 136),
	(34, 10385, 9.562, 'Halimah', 30, 24, '2025-05-20 09:02:09', 136, '2025-05-20 12:47:49', 136),
	(34, 10386, 3.765, 'Tinus', 9, 0, '2025-05-20 09:02:09', 136, '2025-05-20 09:32:25', 136),
	(34, 10387, 11.417, 'Titin', 30, 0, '2025-05-20 09:02:09', 136, '2025-05-20 09:24:35', 136),
	(34, 10388, 14.148, 'Hesti/Yanti', 43, 40, '2025-05-20 09:02:09', 136, '2025-05-20 09:31:01', 136),
	(34, 10389, 6.528, 'Tinus', 11, 0, '2025-05-20 09:02:09', 136, '2025-05-20 09:33:32', 136),
	(34, 10390, 6.782, 'Yogi', 18, 0, '2025-05-20 09:02:09', 136, '2025-05-20 11:24:28', 136),
	(34, 10391, 0.614, '', NULL, NULL, '2025-05-20 09:02:09', 136, NULL, NULL),
	(34, 10392, 9.976, 'Eky', 26, 0, '2025-05-20 09:02:09', 136, '2025-05-20 12:41:53', 136),
	(34, 10393, 6.502, 'Sri /', 46, 0, '2025-05-20 09:02:09', 136, '2025-05-20 12:40:42', 136),
	(34, 10394, 3.617, 'Jonatan', 6, 0, '2025-05-20 09:02:09', 136, '2025-05-20 11:23:03', 136),
	(34, 10395, 3.096, 'Jonatan', 15, 0, '2025-05-20 09:02:09', 136, '2025-05-20 09:35:24', 136),
	(34, 10396, 3.784, 'Fuad', 16, 0, '2025-05-20 09:02:09', 136, '2025-05-20 11:22:53', 136),
	(34, 10397, 7.047, 'Rifat', 19, 0, '2025-05-20 09:02:09', 136, '2025-05-20 11:15:12', 136),
	(34, 10398, 6.897, 'Eman', 22, 0, '2025-05-20 09:02:09', 136, '2025-05-20 09:39:47', 136),
	(34, 10399, 16.408, 'Lidia', 60, 0, '2025-05-20 09:02:09', 136, '2025-05-20 11:19:34', 136),
	(34, 10400, 2.5, 'Widia', 8, 0, '2025-05-20 09:02:09', 136, '2025-05-20 10:54:28', 136),
	(34, 10479, 22.99, 'Suparmi /Fatimah', 130, 155, '2025-05-20 09:02:09', 136, '2025-05-20 11:12:39', 136),
	(34, 10480, 5.355, 'Ngatmini', 40, 0, '2025-05-20 09:02:09', 136, '2025-05-20 09:43:06', 136),
	(35, 7870, 6.343, 'YOHANA', 7, 0, '2025-05-20 09:28:28', 136, '2025-05-20 09:37:22', 136),
	(35, 7871, 1.248, 'NA', 0, 0, '2025-05-20 09:28:28', 136, '2025-05-20 09:33:08', 136),
	(35, 7872, 1.724, 'ADHESIVE', 0, 0, '2025-05-20 09:28:28', 136, '2025-05-20 09:33:21', 136),
	(35, 7873, 8.992, 'AULIA & IMAM', 27, 0, '2025-05-20 09:28:28', 136, '2025-05-20 09:37:34', 136),
	(35, 7874, 0.2, 'NA', 0, 0, '2025-05-20 09:28:28', 136, '2025-05-20 09:34:34', 136),
	(35, 7875, 3.43, 'PUTRO & BERNADUS', 15, 27, '2025-05-20 09:28:28', 136, '2025-05-20 09:37:57', 136),
	(35, 11172, 4.523, 'NIKEN', 30, 0, '2025-05-20 09:28:28', 136, '2025-05-20 09:38:02', 136),
	(36, 7863, 0.614, 'NA', 0, 0, '2025-05-20 10:14:41', 136, '2025-05-20 10:15:20', 136),
	(36, 7864, 3.2, 'AFRID', 6, 0, '2025-05-20 10:14:41', 136, '2025-05-20 10:18:34', 136),
	(36, 7865, 3.71, 'ADI', 10, 0, '2025-05-20 10:14:41', 136, '2025-05-20 10:18:37', 136),
	(36, 7866, 3.126, 'OBA', 12, 0, '2025-05-20 10:14:41', 136, '2025-05-20 10:19:11', 136),
	(36, 7867, 6.38, 'AGIEL', 16, 0, '2025-05-20 10:14:41', 136, '2025-05-20 10:19:16', 136),
	(36, 7868, 0.2, 'NA', 0, 0, '2025-05-20 10:14:41', 136, '2025-05-20 10:17:00', 136),
	(36, 7869, 7.789, 'RIO & RIFAI', 22, 0, '2025-05-20 10:14:41', 136, '2025-05-20 10:19:33', 136),
	(36, 8495, 7.331, 'TRISNA & KATARINA', 68, 0, '2025-05-20 10:14:41', 136, '2025-05-20 10:19:50', 136),
	(37, 10136, 3.111, '', NULL, NULL, '2025-05-21 10:09:46', 136, NULL, NULL),
	(37, 10137, 3.636, '', NULL, NULL, '2025-05-21 10:09:46', 136, NULL, NULL),
	(37, 10138, 4.192, 'Rini', 15, 0, '2025-05-21 10:09:46', 136, '2025-05-21 10:11:05', 136),
	(37, 10139, 4.785, 'Bagas/Sodimun', 52, 33, '2025-05-21 10:09:46', 136, '2025-05-21 10:16:03', 136),
	(37, 10140, 13.442, 'Rini/Milan', 61, 0, '2025-05-21 10:09:46', 136, '2025-05-21 10:20:59', 136),
	(37, 10141, 6.485, '', NULL, NULL, '2025-05-21 10:09:46', 136, NULL, NULL),
	(37, 10142, 7.714, '', NULL, NULL, '2025-05-21 10:09:46', 136, NULL, NULL),
	(37, 10143, 3.988, '', NULL, NULL, '2025-05-21 10:09:46', 136, NULL, NULL),
	(37, 10144, 11.433, '', NULL, NULL, '2025-05-21 10:09:46', 136, NULL, NULL),
	(37, 10145, 9.42, '', NULL, NULL, '2025-05-21 10:09:46', 136, NULL, NULL),
	(37, 10146, 5.1, '', NULL, NULL, '2025-05-21 10:09:46', 136, NULL, NULL),
	(37, 10147, 8.234, '', NULL, NULL, '2025-05-21 10:09:46', 136, NULL, NULL),
	(37, 10148, 4.635, '', NULL, NULL, '2025-05-21 10:09:46', 136, NULL, NULL),
	(37, 10149, NULL, '', NULL, NULL, '2025-05-21 10:09:46', 136, NULL, NULL),
	(38, 8924, 2.431, '', NULL, NULL, '2025-05-22 10:55:22', 136, NULL, NULL),
	(38, 8925, 3.969, '', NULL, NULL, '2025-05-22 10:55:22', 136, NULL, NULL),
	(38, 8926, 3.918, 'Fikri', 18, 0, '2025-05-22 10:55:22', 136, '2025-05-22 11:17:38', 136),
	(38, 8927, 5.23, 'Ahmad', 14, 0, '2025-05-22 10:55:22', 136, '2025-05-22 11:08:29', 136),
	(38, 8928, 5.36, 'Dewi', 22, 0, '2025-05-22 10:55:22', 136, '2025-05-22 11:15:39', 136),
	(38, 8929, 3.918, '', NULL, NULL, '2025-05-22 10:55:22', 136, NULL, NULL),
	(38, 8930, 5.83, 'Della', 26, 0, '2025-05-22 10:55:22', 136, '2025-05-22 11:15:17', 136),
	(38, 8931, 3.506, '', NULL, NULL, '2025-05-22 10:55:22', 136, NULL, NULL),
	(38, 8932, 3.339, '', NULL, NULL, '2025-05-22 10:55:22', 136, NULL, NULL),
	(38, 8933, 3.491, 'Kelvin', 24, 0, '2025-05-22 10:55:22', 136, '2025-05-22 11:04:23', 136),
	(38, 8934, 5.731, 'Risa', 15, 0, '2025-05-22 10:55:22', 136, '2025-05-22 11:21:53', 136),
	(38, 8935, 4.6, 'Kornelia', 15, 0, '2025-05-22 10:55:22', 136, '2025-05-22 11:23:08', 136),
	(38, 9235, 3.858, '', NULL, NULL, '2025-05-22 10:55:22', 136, NULL, NULL),
	(38, 9236, 0.2, '', NULL, NULL, '2025-05-22 10:55:22', 136, NULL, NULL),
	(38, 9237, 0.2, '', NULL, NULL, '2025-05-22 10:55:22', 136, NULL, NULL),
	(38, 9238, 5.64, '', NULL, NULL, '2025-05-22 10:55:22', 136, NULL, NULL),
	(38, 9239, 9.385, '', NULL, NULL, '2025-05-22 10:55:22', 136, NULL, NULL),
	(38, 9568, 0.2, '', NULL, NULL, '2025-05-22 10:55:22', 136, NULL, NULL),
	(39, 10174, 1.984, '', NULL, NULL, '2025-05-26 09:59:00', 136, NULL, NULL),
	(39, 10175, 3.043, 'Arjuna', 10, 0, '2025-05-26 09:59:00', 136, '2025-05-26 10:06:51', 136),
	(39, 10176, 3.006, '', NULL, NULL, '2025-05-26 09:59:00', 136, NULL, NULL),
	(39, 10177, 2.208, 'Joni', 8, 0, '2025-05-26 09:59:00', 136, '2025-05-26 12:58:18', 136),
	(39, 10178, 2.705, 'Eva', 17, 0, '2025-05-26 09:59:00', 136, '2025-05-26 10:40:28', 136),
	(39, 10179, 4.767, 'Riyanti', 14, 0, '2025-05-26 09:59:00', 136, '2025-05-26 10:14:09', 136),
	(39, 10180, 5.157, 'Susi', 16, 0, '2025-05-26 09:59:00', 136, '2025-05-26 12:57:31', 136),
	(39, 10181, 4.561, 'Friska', 21, 0, '2025-05-26 09:59:00', 136, '2025-05-26 11:27:03', 136),
	(39, 10182, 6.769, 'Riyanti', 0, 0, '2025-05-26 09:59:00', 136, '2025-05-26 12:59:33', 136),
	(39, 10183, 3.71, 'Riyanti', 12, 0, '2025-05-26 09:59:00', 136, '2025-05-26 10:21:32', 136),
	(39, 10184, 4.819, 'July', 12, 0, '2025-05-26 09:59:00', 136, '2025-05-26 10:27:58', 136),
	(39, 10185, 5.286, 'Etti', 17, 0, '2025-05-26 09:59:00', 136, '2025-05-26 11:23:12', 136),
	(39, 10186, 2.208, 'Desti', 12, 0, '2025-05-26 09:59:00', 136, '2025-05-26 11:18:07', 136),
	(39, 10187, 5.078, 'Aya', 14, 0, '2025-05-26 09:59:00', 136, '2025-05-26 11:19:29', 136),
	(39, 10188, 2.894, 'Aldi', 10, 0, '2025-05-26 09:59:00', 136, '2025-05-26 13:01:18', 136),
	(39, 10189, 2.838, 'Jesika', 7, 0, '2025-05-26 09:59:00', 136, '2025-05-26 10:09:27', 136),
	(39, 10190, 5.341, 'Sri', 20, 0, '2025-05-26 09:59:00', 136, '2025-05-26 10:29:59', 136),
	(39, 10191, 2.727, 'Irul', 8, 0, '2025-05-26 09:59:00', 136, '2025-05-26 10:33:12', 136),
	(39, 10192, 4.601, 'Eva', 17, 0, '2025-05-26 09:59:00', 136, '2025-05-26 10:40:53', 136),
	(39, 10193, 4.971, '', NULL, NULL, '2025-05-26 09:59:00', 136, NULL, NULL),
	(39, 10194, 8.358, 'Iin/Veron', 30, 46, '2025-05-26 09:59:00', 136, '2025-05-26 13:09:04', 136),
	(39, 10195, 7.27, 'Sulis', 27, 0, '2025-05-26 09:59:00', 136, '2025-05-26 10:25:01', 136),
	(39, 10196, 4.674, 'Irul', 16, 0, '2025-05-26 09:59:00', 136, '2025-05-26 10:34:24', 136),
	(39, 10197, 3.803, 'Lia', 23, 0, '2025-05-26 09:59:00', 136, '2025-05-26 11:15:33', 136),
	(39, 10198, 3.617, 'Desti', 13, 0, '2025-05-26 09:59:00', 136, '2025-05-26 13:04:04', 136),
	(39, 10199, 3.673, 'Mus', 15, 0, '2025-05-26 09:59:00', 136, '2025-05-26 10:58:34', 136),
	(39, 10200, 2.876, 'Maria', 10, 0, '2025-05-26 09:59:00', 136, '2025-05-26 10:46:12', 136),
	(39, 10201, 2.82, 'Vallen', 14, 0, '2025-05-26 09:59:00', 136, '2025-05-26 10:43:17', 136),
	(39, 10202, 1.874, 'Maria', 10, 0, '2025-05-26 09:59:00', 136, '2025-05-26 10:48:09', 136),
	(39, 10203, 0.2, '', NULL, NULL, '2025-05-26 09:59:00', 136, NULL, NULL),
	(39, 10204, 5.898, 'Tini', 12, 0, '2025-05-26 09:59:00', 136, '2025-05-26 11:00:35', 136),
	(39, 10205, 13.753, 'Ani', 29, 0, '2025-05-26 09:59:00', 136, '2025-05-26 10:50:23', 136),
	(39, 10347, 2, 'Vira', 35, 0, '2025-05-26 09:59:00', 136, '2025-05-26 10:53:02', 136),
	(41, 7094, 3.307, '', 8, 0, '2025-05-27 10:58:58', 136, '2025-05-27 10:59:21', 136),
	(41, 7095, 0.614, '', NULL, NULL, '2025-05-27 10:58:58', 136, NULL, NULL),
	(41, 7096, 3.544, '', 13, 0, '2025-05-27 10:58:58', 136, '2025-05-27 10:59:32', 136),
	(41, 7097, 4.211, '', 30, 29, '2025-05-27 10:58:58', 136, '2025-05-27 10:59:43', 136),
	(41, 7098, 4.144, '', NULL, NULL, '2025-05-27 10:58:58', 136, NULL, NULL),
	(42, 8870, 3.321, '', 14, 0, '2025-05-27 11:00:43', 136, '2025-05-27 11:01:02', 136),
	(42, 8871, 3.524, '', 13, 0, '2025-05-27 11:00:43', 136, '2025-05-27 11:01:09', 136),
	(42, 8872, 2.312, '', 15, 0, '2025-05-27 11:00:43', 136, '2025-05-27 11:01:15', 136),
	(42, 8873, 0.614, '', NULL, NULL, '2025-05-27 11:00:43', 136, NULL, NULL),
	(42, 8874, 3.321, '', 29, 0, '2025-05-27 11:00:43', 136, '2025-05-27 11:01:24', 136),
	(42, 8875, 3.541, '', 28, 0, '2025-05-27 11:00:43', 136, '2025-05-27 11:01:31', 136),
	(42, 8876, 4.676, '', NULL, NULL, '2025-05-27 11:00:43', 136, NULL, NULL),
	(43, 5487, 2.95, '', 3, 0, '2025-05-27 11:02:32', 136, '2025-05-27 11:02:44', 136),
	(43, 5488, 3.111, '', 5, 0, '2025-05-27 11:02:32', 136, '2025-05-27 11:02:50', 136),
	(43, 5489, 0.614, '', NULL, NULL, '2025-05-27 11:02:32', 136, NULL, NULL),
	(43, 5490, 5.175, '', 6, 0, '2025-05-27 11:02:32', 136, '2025-05-27 11:02:56', 136),
	(43, 5491, 2.971, '', NULL, NULL, '2025-05-27 11:02:32', 136, NULL, NULL),
	(44, 7083, 4.767, 'Lia/Jernih', 20, 26, '2025-05-27 13:38:45', 136, '2025-05-27 13:58:59', 136),
	(44, 7084, 4.955, 'Asnah', 17, 0, '2025-05-27 13:38:45', 136, '2025-05-27 14:01:14', 136),
	(44, 7085, 3.953, 'Yusi', 15, 0, '2025-05-27 13:38:45', 136, '2025-05-27 14:03:21', 136),
	(44, 7086, 3.785, 'Bentin', 10, 0, '2025-05-27 13:38:45', 136, '2025-05-27 13:39:09', 136),
	(44, 7087, 1.228, '', NULL, NULL, '2025-05-27 13:38:45', 136, NULL, NULL),
	(44, 7088, 8.791, 'Tema', 22, 0, '2025-05-27 13:38:45', 136, '2025-05-27 13:44:07', 136),
	(44, 7089, 8.624, 'Heri/Intan', 26, 60, '2025-05-27 13:38:45', 136, '2025-05-27 14:12:41', 136),
	(44, 7090, 4.156, 'Tina', 12, 0, '2025-05-27 13:38:45', 136, '2025-05-27 14:05:56', 136),
	(44, 7091, 0.614, '', NULL, NULL, '2025-05-27 13:38:45', 136, NULL, NULL),
	(44, 7092, 0.2, '', NULL, NULL, '2025-05-27 13:38:45', 136, NULL, NULL),
	(44, 7093, 5.305, 'Kundar', 20, 0, '2025-05-27 13:38:45', 136, '2025-05-27 14:08:12', 136),
	(44, 7695, 0.2, '', NULL, NULL, '2025-05-27 13:38:45', 136, NULL, NULL),
	(44, 7696, 1.924, '', NULL, NULL, '2025-05-27 13:38:45', 136, NULL, NULL),
	(44, 7697, 9.484, 'Sulis/TR', 25, 40, '2025-05-27 13:38:45', 136, '2025-05-27 13:55:25', 136),
	(45, 6481, 4.192, 'Florus/Ina', 21, 14, '2025-05-27 14:29:14', 136, '2025-05-27 15:45:54', 136),
	(45, 6482, 9.62, 'Sari/Merry', 39, 33, '2025-05-27 14:29:14', 136, '2025-05-27 15:14:41', 136),
	(45, 6483, 7.974, 'Juminten/Nur', 27, 27, '2025-05-27 14:29:14', 136, '2025-05-27 15:47:57', 136),
	(45, 6484, 3.914, 'Linda', 12, 0, '2025-05-27 14:29:14', 136, '2025-05-27 15:03:01', 136),
	(45, 6485, 0.2, '', NULL, NULL, '2025-05-27 14:29:14', 136, NULL, NULL),
	(45, 6486, 6.787, 'Nuryato', 13, 0, '2025-05-27 14:29:14', 136, '2025-05-27 15:04:38', 136),
	(45, 6487, 9.077, 'Sofi', 16, 0, '2025-05-27 14:29:14', 136, '2025-05-27 15:51:14', 136),
	(45, 6488, NULL, '', NULL, NULL, '2025-05-27 14:29:14', 136, NULL, NULL),
	(45, 6489, NULL, '', NULL, NULL, '2025-05-27 14:29:14', 136, NULL, NULL),
	(46, 9046, 4.173, '', 15, 0, '2025-05-27 14:30:10', 136, '2025-05-27 14:30:28', 136),
	(46, 9047, 8.679, '', 28, 0, '2025-05-27 14:30:10', 136, '2025-05-27 14:30:34', 136),
	(46, 9048, 5.731, '', 34, 0, '2025-05-27 14:30:10', 136, '2025-05-27 14:30:39', 136),
	(46, 9049, 3.988, '', 20, 0, '2025-05-27 14:30:10', 136, '2025-05-27 14:30:44', 136),
	(46, 9050, 4.971, '', 30, 0, '2025-05-27 14:30:10', 136, '2025-05-27 14:30:49', 136),
	(46, 9051, 5.137, '', 7, 0, '2025-05-27 14:30:10', 136, '2025-05-27 14:30:55', 136),
	(46, 9052, 8.215, '', 21, 26, '2025-05-27 14:30:10', 136, '2025-05-27 14:31:06', 136),
	(46, 9053, 6.407, '', 36, 0, '2025-05-27 14:30:10', 136, '2025-05-27 14:31:13', 136),
	(46, 9054, 4.841, '', 42, 0, '2025-05-27 14:30:10', 136, '2025-05-27 14:31:19', 136),
	(46, 9055, 7.857, '', NULL, NULL, '2025-05-27 14:30:10', 136, NULL, NULL),
	(46, 9273, 5, '', 35, 0, '2025-05-27 14:30:10', 136, '2025-05-27 14:31:24', 136),
	(47, 9013, 5.193, '', 18, 0, '2025-05-31 11:00:56', 136, '2025-05-31 11:01:09', 136),
	(47, 9014, 4.133, '', 11, 0, '2025-05-31 11:00:56', 136, '2025-05-31 11:01:14', 136),
	(47, 9015, 1.228, '', NULL, NULL, '2025-05-31 11:00:56', 136, NULL, NULL),
	(47, 9016, 8.475, '', 61, 70, '2025-05-31 11:00:56', 136, '2025-05-31 11:01:30', 136),
	(47, 9017, 10.922, '', 133, 163, '2025-05-31 11:00:56', 136, '2025-05-31 11:02:31', 136),
	(47, 9018, 7.27, '', 28, 0, '2025-05-31 11:00:56', 136, '2025-05-31 11:01:36', 136),
	(47, 9019, 4.47, '', 63, 0, '2025-05-31 11:00:56', 136, '2025-05-31 11:01:41', 136),
	(47, 9020, 7.045, '', NULL, NULL, '2025-05-31 11:00:56', 136, NULL, NULL),
	(48, 10905, 2.243, 'NA', 0, 0, '2025-05-31 12:55:10', 136, '2025-05-31 12:55:29', 136),
	(48, 10906, 4.229, 'FENDI', 20, 0, '2025-05-31 12:55:10', 136, '2025-05-31 13:00:14', 136),
	(48, 10907, 5.249, 'MBA AL', 22, 0, '2025-05-31 12:55:10', 136, '2025-05-31 13:00:30', 136),
	(48, 10908, 4.229, 'MELLY', 24, 0, '2025-05-31 12:55:10', 136, '2025-05-31 13:00:34', 136),
	(48, 10909, 6.176, 'MBA NUR', 43, 0, '2025-05-31 12:55:10', 136, '2025-05-31 13:00:41', 136),
	(48, 10910, 1.059, 'NA', 0, 0, '2025-05-31 12:55:10', 136, '2025-05-31 12:56:45', 136),
	(48, 10911, 11.291, 'MAK KAS', 34, 0, '2025-05-31 12:55:10', 136, '2025-05-31 13:00:48', 136),
	(48, 10912, 2.206, 'NOVITA', 22, 0, '2025-05-31 12:55:10', 136, '2025-05-31 13:00:53', 136),
	(48, 10913, 5.471, 'AQILLA', 33, 0, '2025-05-31 12:55:10', 136, '2025-05-31 13:00:58', 136),
	(48, 10914, 2.857, 'LUTHFI', 17, 0, '2025-05-31 12:55:10', 136, '2025-05-31 13:01:04', 136),
	(48, 10915, 3.747, 'AQILLA', 14, 0, '2025-05-31 12:55:10', 136, '2025-05-31 13:01:11', 136),
	(48, 10916, 0.614, 'NA', 0, 0, '2025-05-31 12:55:10', 136, '2025-05-31 12:58:52', 136),
	(48, 11261, 0.2, 'NA', 0, 0, '2025-05-31 12:55:10', 136, '2025-05-31 12:58:54', 136),
	(48, 11262, 3.172, 'ANGGI', 32, 0, '2025-05-31 12:55:10', 136, '2025-05-31 13:01:15', 136),
	(48, 11263, 9.971, 'ANNA', 20, 0, '2025-05-31 12:55:10', 136, '2025-05-31 13:01:20', 136),
	(49, 3932, 6.216, 'HILMY & DIAN', 83, 70, '2025-06-02 13:37:03', 136, '2025-06-10 01:49:40', 161),
	(49, 3933, 4.027, '', NULL, NULL, '2025-06-02 13:37:03', 136, NULL, NULL),
	(49, 3934, NULL, '', NULL, NULL, '2025-06-02 13:37:03', 136, NULL, NULL),
	(50, 8210, 1.2, '', NULL, NULL, '2025-06-02 14:33:18', 136, NULL, NULL),
	(50, 8211, 7.918, 'Sera/indah', 48, 42, '2025-06-02 14:33:18', 136, '2025-06-02 14:54:26', 136),
	(50, 8212, 5.49, 'Arul', 25, 0, '2025-06-02 14:33:18', 136, '2025-06-02 14:49:02', 136),
	(50, 8213, 4.414, 'Dwi efi', 18, 0, '2025-06-02 14:33:18', 136, '2025-06-02 14:50:31', 136),
	(50, 8214, 0.5, '', NULL, NULL, '2025-06-02 14:33:18', 136, NULL, NULL),
	(50, 8215, 8.343, 'Fetri/ewintri', 19, 17, '2025-06-02 14:33:18', 136, '2025-06-02 14:42:05', 136),
	(50, 8216, 3.875, 'Khusmia', 14, 0, '2025-06-02 14:33:18', 136, '2025-06-02 14:47:04', 136),
	(50, 8217, 0.2, '', NULL, NULL, '2025-06-02 14:33:18', 136, NULL, NULL),
	(50, 8218, 9.568, 'Nabela+kurniawan gabung', 41, 0, '2025-06-02 14:33:18', 136, '2025-06-02 14:57:56', 136),
	(50, 8893, 8.313, 'Sellyya', 50, 0, '2025-06-02 14:33:18', 136, '2025-06-02 14:46:31', 136),
	(51, 3935, 3.251, 'Ilham', 16, 0, '2025-06-02 15:38:38', 136, '2025-06-02 16:04:30', 136),
	(51, 3936, 0.614, '', NULL, NULL, '2025-06-02 15:38:38', 136, NULL, NULL),
	(51, 3937, 4.618, 'Novan+dwi septi', 35, 36, '2025-06-02 15:38:38', 136, '2025-06-02 16:01:32', 136),
	(51, 3938, 3.239, 'Isnaeni', 15, 0, '2025-06-02 15:38:38', 136, '2025-06-02 16:02:55', 136),
	(51, 3939, NULL, '', NULL, NULL, '2025-06-02 15:38:38', 136, NULL, NULL),
	(57, 1774, 6.621, '', 0, 0, '2025-06-09 09:32:17', 161, '2025-06-14 02:53:14', 161),
	(57, 1775, 6.621, '', NULL, NULL, '2025-06-09 09:32:17', 161, NULL, NULL),
	(57, 1776, 3.859, '', NULL, NULL, '2025-06-09 09:32:17', 161, NULL, NULL),
	(57, 1777, 3.266, '', NULL, NULL, '2025-06-09 09:32:17', 161, NULL, NULL),
	(57, 1778, 11.143, '', NULL, NULL, '2025-06-09 09:32:17', 161, NULL, NULL),
	(57, 1779, 5.258, '', NULL, NULL, '2025-06-09 09:32:17', 161, NULL, NULL),
	(57, 1780, 3.671, '', NULL, NULL, '2025-06-09 09:32:17', 161, NULL, NULL),
	(57, 1781, 0.2, '', NULL, NULL, '2025-06-09 09:32:17', 161, NULL, NULL),
	(57, 1782, 5.951, '', NULL, NULL, '2025-06-09 09:32:17', 161, NULL, NULL),
	(57, 1783, 3.79, '', NULL, NULL, '2025-06-09 09:32:17', 161, NULL, NULL),
	(57, 1784, 2.837, '', NULL, NULL, '2025-06-09 09:32:17', 161, NULL, NULL),
	(57, 1785, 7.613, '', NULL, NULL, '2025-06-09 09:32:17', 161, NULL, NULL),
	(67, 4026, 6.083, '', 0, 0, '2025-06-10 08:19:49', 161, '2025-06-14 02:51:13', 161),
	(67, 4027, 2.744, '', NULL, NULL, '2025-06-10 08:19:49', 161, NULL, NULL),
	(68, 3192, 2.985, '', NULL, NULL, '2025-06-10 10:20:08', 161, NULL, NULL),
	(68, 3193, 4.025, '', NULL, NULL, '2025-06-10 10:20:08', 161, NULL, NULL),
	(68, 3194, 3.578, '', NULL, NULL, '2025-06-10 10:20:08', 161, NULL, NULL),
	(69, 3192, 2.985, '', NULL, NULL, '2025-06-12 00:37:28', 161, NULL, NULL),
	(69, 3193, 4.025, '', NULL, NULL, '2025-06-12 00:37:28', 161, NULL, NULL),
	(69, 3194, 3.578, '', NULL, NULL, '2025-06-12 00:37:28', 161, NULL, NULL);

-- Dumping structure for table db_sahabat_unggul.ie_capacity_analidc
CREATE TABLE IF NOT EXISTS `ie_capacity_analidc` (
  `anali_id` bigint NOT NULL,
  `anali_proc_id` varchar(2) CHARACTER SET utf8mb3 COLLATE utf8mb3_bin NOT NULL DEFAULT '',
  `anali_proc` varchar(255) CHARACTER SET utf8mb3 COLLATE utf8mb3_bin DEFAULT NULL,
  `anali_mc` varchar(255) CHARACTER SET utf8mb3 COLLATE utf8mb3_bin DEFAULT NULL,
  `anali_fch` double DEFAULT NULL,
  `anali_opr` varchar(100) CHARACTER SET utf8mb3 COLLATE utf8mb3_bin DEFAULT NULL,
  `anali_act_ct1` double DEFAULT NULL,
  `anali_act_ct2` double DEFAULT NULL,
  `add_date` datetime DEFAULT NULL,
  `add_id` bigint DEFAULT NULL,
  `mod_date` datetime DEFAULT NULL,
  `mod_id` bigint DEFAULT NULL,
  PRIMARY KEY (`anali_id`,`anali_proc_id`)
) ENGINE=InnoDB DEFAULT CHARSET=utf8mb3 COLLATE=utf8mb3_bin;

-- Dumping data for table db_sahabat_unggul.ie_capacity_analidc: ~145 rows (approximately)
REPLACE INTO `ie_capacity_analidc` (`anali_id`, `anali_proc_id`, `anali_proc`, `anali_mc`, `anali_fch`, `anali_opr`, `anali_act_ct1`, `anali_act_ct2`, `add_date`, `add_id`, `mod_date`, `mod_id`) VALUES
	(26, 'A1', 'Ridwan', NULL, 0, 'Join Sleeve', 45, 0, '2025-05-16 14:13:18', 136, '2025-05-16 14:36:50', 136),
	(26, 'A2', '', NULL, 0, '', NULL, NULL, '2025-05-16 14:13:18', 136, NULL, NULL),
	(26, 'A3', '', NULL, 0, '', NULL, NULL, '2025-05-16 14:13:18', 136, NULL, NULL),
	(26, 'A4', '', NULL, 0, '', NULL, NULL, '2025-05-16 14:13:18', 136, NULL, NULL),
	(26, 'A5', '', NULL, 0, '', NULL, NULL, '2025-05-16 14:13:18', 136, NULL, NULL),
	(27, 'A1', '', NULL, 0, '', NULL, NULL, '2025-05-16 14:34:54', 136, NULL, NULL),
	(27, 'A2', '', NULL, 0, '', NULL, NULL, '2025-05-16 14:34:54', 136, NULL, NULL),
	(27, 'A3', '', NULL, 0, '', NULL, NULL, '2025-05-16 14:34:54', 136, NULL, NULL),
	(27, 'A4', '', NULL, 0, '', NULL, NULL, '2025-05-16 14:34:54', 136, NULL, NULL),
	(27, 'A5', '', NULL, 0, '', NULL, NULL, '2025-05-16 14:34:54', 136, NULL, NULL),
	(28, 'A1', '', NULL, 0, '', NULL, NULL, '2025-05-16 14:44:12', 136, NULL, NULL),
	(28, 'A2', '', NULL, 0, '', NULL, NULL, '2025-05-16 14:44:12', 136, NULL, NULL),
	(28, 'A3', '', NULL, 0, '', NULL, NULL, '2025-05-16 14:44:12', 136, NULL, NULL),
	(28, 'A4', '', NULL, 0, '', NULL, NULL, '2025-05-16 14:44:12', 136, NULL, NULL),
	(28, 'A5', '', NULL, 0, '', NULL, NULL, '2025-05-16 14:44:12', 136, NULL, NULL),
	(29, 'A1', '', NULL, 0, '', NULL, NULL, '2025-05-16 14:47:50', 136, NULL, NULL),
	(29, 'A2', '', NULL, 0, '', NULL, NULL, '2025-05-16 14:47:50', 136, NULL, NULL),
	(29, 'A3', '', NULL, 0, '', NULL, NULL, '2025-05-16 14:47:50', 136, NULL, NULL),
	(29, 'A4', '', NULL, 0, '', NULL, NULL, '2025-05-16 14:47:50', 136, NULL, NULL),
	(29, 'A5', '', NULL, 0, '', NULL, NULL, '2025-05-16 14:47:50', 136, NULL, NULL),
	(30, 'A1', '', NULL, 0, '', NULL, NULL, '2025-05-16 15:48:22', 136, NULL, NULL),
	(30, 'A2', '', NULL, 0, '', NULL, NULL, '2025-05-16 15:48:22', 136, NULL, NULL),
	(30, 'A3', '', NULL, 0, '', NULL, NULL, '2025-05-16 15:48:22', 136, NULL, NULL),
	(30, 'A4', '', NULL, 0, '', NULL, NULL, '2025-05-16 15:48:22', 136, NULL, NULL),
	(30, 'A5', '', NULL, 0, '', NULL, NULL, '2025-05-16 15:48:22', 136, NULL, NULL),
	(31, 'A1', '', NULL, 0, '', NULL, NULL, '2025-05-16 15:51:43', 136, NULL, NULL),
	(31, 'A2', '', NULL, 0, '', NULL, NULL, '2025-05-16 15:51:43', 136, NULL, NULL),
	(31, 'A3', '', NULL, 0, '', NULL, NULL, '2025-05-16 15:51:43', 136, NULL, NULL),
	(31, 'A4', '', NULL, 0, '', NULL, NULL, '2025-05-16 15:51:43', 136, NULL, NULL),
	(31, 'A5', '', NULL, 0, '', NULL, NULL, '2025-05-16 15:51:43', 136, NULL, NULL),
	(32, 'A1', '', NULL, 0, '', NULL, NULL, '2025-05-19 10:57:42', 136, NULL, NULL),
	(32, 'A2', '', NULL, 0, '', NULL, NULL, '2025-05-19 10:57:42', 136, NULL, NULL),
	(32, 'A3', '', NULL, 0, '', NULL, NULL, '2025-05-19 10:57:42', 136, NULL, NULL),
	(32, 'A4', '', NULL, 0, '', NULL, NULL, '2025-05-19 10:57:42', 136, NULL, NULL),
	(32, 'A5', '', NULL, 0, '', NULL, NULL, '2025-05-19 10:57:42', 136, NULL, NULL),
	(33, 'A1', '', NULL, 0, '', NULL, NULL, '2025-05-19 16:20:22', 136, NULL, NULL),
	(33, 'A2', '', NULL, 0, '', NULL, NULL, '2025-05-19 16:20:22', 136, NULL, NULL),
	(33, 'A3', '', NULL, 0, '', NULL, NULL, '2025-05-19 16:20:22', 136, NULL, NULL),
	(33, 'A4', '', NULL, 0, '', NULL, NULL, '2025-05-19 16:20:22', 136, NULL, NULL),
	(33, 'A5', '', NULL, 0, '', NULL, NULL, '2025-05-19 16:20:22', 136, NULL, NULL),
	(34, 'A1', '', NULL, 0, '', 0, 0, '2025-05-20 09:02:09', 136, '2025-05-20 13:25:15', 136),
	(34, 'A2', 'Trun Jacket', NULL, 0, 'Mestana', 6, 0, '2025-05-20 09:02:09', 136, '2025-05-20 09:45:33', 136),
	(34, 'A3', 'Qc', NULL, 0, 'Sherlin', 20, 0, '2025-05-20 09:02:09', 136, '2025-05-20 09:47:21', 136),
	(34, 'A4', 'Aisah / Mela', NULL, 0, 'Hs 2titik', 240, 90, '2025-05-20 09:02:09', 136, '2025-05-20 10:22:02', 136),
	(34, 'A5', 'Ironing back', NULL, 0, 'Sri', 9, 0, '2025-05-20 09:02:09', 136, '2025-05-20 12:46:01', 136),
	(35, 'A1', 'TACKING STRAP', NULL, 0, 'RATITA', 34, 0, '2025-05-20 09:28:28', 136, '2025-05-20 09:38:06', 136),
	(35, 'A2', '', NULL, 0, '', NULL, NULL, '2025-05-20 09:28:28', 136, NULL, NULL),
	(35, 'A3', '', NULL, 0, '', NULL, NULL, '2025-05-20 09:28:28', 136, NULL, NULL),
	(35, 'A4', '', NULL, 0, '', NULL, NULL, '2025-05-20 09:28:28', 136, NULL, NULL),
	(35, 'A5', '', NULL, 0, '', NULL, NULL, '2025-05-20 09:28:28', 136, NULL, NULL),
	(36, 'A1', '', NULL, 0, '', NULL, NULL, '2025-05-20 10:14:41', 136, NULL, NULL),
	(36, 'A2', '', NULL, 0, '', NULL, NULL, '2025-05-20 10:14:41', 136, NULL, NULL),
	(36, 'A3', '', NULL, 0, '', NULL, NULL, '2025-05-20 10:14:41', 136, NULL, NULL),
	(36, 'A4', '', NULL, 0, '', NULL, NULL, '2025-05-20 10:14:41', 136, NULL, NULL),
	(36, 'A5', '', NULL, 0, '', NULL, NULL, '2025-05-20 10:14:41', 136, NULL, NULL),
	(37, 'A1', '', NULL, 0, '', NULL, NULL, '2025-05-21 10:09:46', 136, NULL, NULL),
	(37, 'A2', '', NULL, 0, '', NULL, NULL, '2025-05-21 10:09:46', 136, NULL, NULL),
	(37, 'A3', '', NULL, 0, '', NULL, NULL, '2025-05-21 10:09:46', 136, NULL, NULL),
	(37, 'A4', '', NULL, 0, '', NULL, NULL, '2025-05-21 10:09:46', 136, NULL, NULL),
	(37, 'A5', '', NULL, 0, '', NULL, NULL, '2025-05-21 10:09:46', 136, NULL, NULL),
	(38, 'A1', '', NULL, 0, '', NULL, NULL, '2025-05-22 10:55:22', 136, NULL, NULL),
	(38, 'A2', '', NULL, 0, '', NULL, NULL, '2025-05-22 10:55:22', 136, NULL, NULL),
	(38, 'A3', '', NULL, 0, '', NULL, NULL, '2025-05-22 10:55:22', 136, NULL, NULL),
	(38, 'A4', '', NULL, 0, '', NULL, NULL, '2025-05-22 10:55:22', 136, NULL, NULL),
	(38, 'A5', '', NULL, 0, '', NULL, NULL, '2025-05-22 10:55:22', 136, NULL, NULL),
	(39, 'A1', 'Join velcro hook', NULL, 0, 'Ambar', 0, 0, '2025-05-26 09:59:00', 136, '2025-05-26 11:01:19', 136),
	(39, 'A2', 'Make fringe btm', NULL, 0, 'Aisah', 54, 0, '2025-05-26 09:59:00', 136, '2025-05-26 14:36:00', 136),
	(39, 'A3', '', NULL, 0, '', NULL, NULL, '2025-05-26 09:59:00', 136, NULL, NULL),
	(39, 'A4', '', NULL, 0, '', NULL, NULL, '2025-05-26 09:59:00', 136, NULL, NULL),
	(39, 'A5', '', NULL, 0, '', NULL, NULL, '2025-05-26 09:59:00', 136, NULL, NULL),
	(41, 'A1', '', NULL, 0, '', NULL, NULL, '2025-05-27 10:58:58', 136, NULL, NULL),
	(41, 'A2', '', NULL, 0, '', NULL, NULL, '2025-05-27 10:58:58', 136, NULL, NULL),
	(41, 'A3', '', NULL, 0, '', NULL, NULL, '2025-05-27 10:58:58', 136, NULL, NULL),
	(41, 'A4', '', NULL, 0, '', NULL, NULL, '2025-05-27 10:58:58', 136, NULL, NULL),
	(41, 'A5', '', NULL, 0, '', NULL, NULL, '2025-05-27 10:58:58', 136, NULL, NULL),
	(42, 'A1', '', NULL, 0, '', NULL, NULL, '2025-05-27 11:00:43', 136, NULL, NULL),
	(42, 'A2', '', NULL, 0, '', NULL, NULL, '2025-05-27 11:00:43', 136, NULL, NULL),
	(42, 'A3', '', NULL, 0, '', NULL, NULL, '2025-05-27 11:00:43', 136, NULL, NULL),
	(42, 'A4', '', NULL, 0, '', NULL, NULL, '2025-05-27 11:00:43', 136, NULL, NULL),
	(42, 'A5', '', NULL, 0, '', NULL, NULL, '2025-05-27 11:00:43', 136, NULL, NULL),
	(43, 'A1', '', NULL, 0, '', NULL, NULL, '2025-05-27 11:02:33', 136, NULL, NULL),
	(43, 'A2', '', NULL, 0, '', NULL, NULL, '2025-05-27 11:02:33', 136, NULL, NULL),
	(43, 'A3', '', NULL, 0, '', NULL, NULL, '2025-05-27 11:02:33', 136, NULL, NULL),
	(43, 'A4', '', NULL, 0, '', NULL, NULL, '2025-05-27 11:02:33', 136, NULL, NULL),
	(43, 'A5', '', NULL, 0, '', NULL, NULL, '2025-05-27 11:02:33', 136, NULL, NULL),
	(44, 'A1', 'Qc', NULL, 0, '', 16, 0, '2025-05-27 13:38:45', 136, '2025-05-27 13:55:35', 136),
	(44, 'A2', '', NULL, 0, '', NULL, NULL, '2025-05-27 13:38:45', 136, NULL, NULL),
	(44, 'A3', '', NULL, 0, '', NULL, NULL, '2025-05-27 13:38:45', 136, NULL, NULL),
	(44, 'A4', '', NULL, 0, '', NULL, NULL, '2025-05-27 13:38:45', 136, NULL, NULL),
	(44, 'A5', '', NULL, 0, '', NULL, NULL, '2025-05-27 13:38:45', 136, NULL, NULL),
	(45, 'A1', 'Join velco hook', NULL, 0, 'Sindi', 10, 0, '2025-05-27 14:29:14', 136, '2025-05-27 15:49:26', 136),
	(45, 'A2', 'Qc', NULL, 0, 'Wnda', 18, 0, '2025-05-27 14:29:14', 136, '2025-05-27 15:07:14', 136),
	(45, 'A3', '', NULL, 0, '', NULL, NULL, '2025-05-27 14:29:14', 136, NULL, NULL),
	(45, 'A4', '', NULL, 0, '', NULL, NULL, '2025-05-27 14:29:14', 136, NULL, NULL),
	(45, 'A5', '', NULL, 0, '', NULL, NULL, '2025-05-27 14:29:14', 136, NULL, NULL),
	(46, 'A1', '', NULL, 0, '', NULL, NULL, '2025-05-27 14:30:10', 136, NULL, NULL),
	(46, 'A2', '', NULL, 0, '', NULL, NULL, '2025-05-27 14:30:10', 136, NULL, NULL),
	(46, 'A3', '', NULL, 0, '', NULL, NULL, '2025-05-27 14:30:10', 136, NULL, NULL),
	(46, 'A4', '', NULL, 0, '', NULL, NULL, '2025-05-27 14:30:10', 136, NULL, NULL),
	(46, 'A5', '', NULL, 0, '', NULL, NULL, '2025-05-27 14:30:10', 136, NULL, NULL),
	(47, 'A1', '', NULL, 0, '', NULL, NULL, '2025-05-31 11:00:56', 136, NULL, NULL),
	(47, 'A2', '', NULL, 0, '', NULL, NULL, '2025-05-31 11:00:56', 136, NULL, NULL),
	(47, 'A3', '', NULL, 0, '', NULL, NULL, '2025-05-31 11:00:56', 136, NULL, NULL),
	(47, 'A4', '', NULL, 0, '', NULL, NULL, '2025-05-31 11:00:56', 136, NULL, NULL),
	(47, 'A5', '', NULL, 0, '', NULL, NULL, '2025-05-31 11:00:56', 136, NULL, NULL),
	(48, 'A1', 'STAY TO VELCRO', NULL, 0, 'NOVITA', 28, 0, '2025-05-31 12:55:10', 136, '2025-05-31 13:01:28', 136),
	(48, 'A2', '', NULL, 0, '', NULL, NULL, '2025-05-31 12:55:10', 136, NULL, NULL),
	(48, 'A3', '', NULL, 0, '', NULL, NULL, '2025-05-31 12:55:10', 136, NULL, NULL),
	(48, 'A4', '', NULL, 0, '', NULL, NULL, '2025-05-31 12:55:10', 136, NULL, NULL),
	(48, 'A5', '', NULL, 0, '', NULL, NULL, '2025-05-31 12:55:10', 136, NULL, NULL),
	(49, 'A1', 'JOIN DART CAPE', NULL, 0, 'IRHAM', 176, 0, '2025-06-02 13:37:03', 136, '2025-06-02 13:38:39', 136),
	(49, 'A2', '', NULL, 0, '', NULL, NULL, '2025-06-02 13:37:03', 136, NULL, NULL),
	(49, 'A3', '', NULL, 0, '', NULL, NULL, '2025-06-02 13:37:03', 136, NULL, NULL),
	(49, 'A4', '', NULL, 0, '', NULL, NULL, '2025-06-02 13:37:03', 136, NULL, NULL),
	(49, 'A5', '', NULL, 0, '', NULL, NULL, '2025-06-02 13:37:03', 136, NULL, NULL),
	(50, 'A1', '', NULL, 0, '', NULL, NULL, '2025-06-02 14:33:18', 136, NULL, NULL),
	(50, 'A2', '', NULL, 0, '', NULL, NULL, '2025-06-02 14:33:18', 136, NULL, NULL),
	(50, 'A3', '', NULL, 0, '', NULL, NULL, '2025-06-02 14:33:18', 136, NULL, NULL),
	(50, 'A4', '', NULL, 0, '', NULL, NULL, '2025-06-02 14:33:18', 136, NULL, NULL),
	(50, 'A5', '', NULL, 0, '', NULL, NULL, '2025-06-02 14:33:18', 136, NULL, NULL),
	(51, 'A1', '', NULL, 0, '', NULL, NULL, '2025-06-02 15:38:38', 136, NULL, NULL),
	(51, 'A2', '', NULL, 0, '', NULL, NULL, '2025-06-02 15:38:38', 136, NULL, NULL),
	(51, 'A3', '', NULL, 0, '', NULL, NULL, '2025-06-02 15:38:38', 136, NULL, NULL),
	(51, 'A4', '', NULL, 0, '', NULL, NULL, '2025-06-02 15:38:38', 136, NULL, NULL),
	(51, 'A5', '', NULL, 0, '', NULL, NULL, '2025-06-02 15:38:38', 136, NULL, NULL),
	(57, 'A1', '', NULL, 0, '', NULL, NULL, '2025-06-09 09:32:17', 161, NULL, NULL),
	(57, 'A2', '', NULL, 0, '', NULL, NULL, '2025-06-09 09:32:17', 161, NULL, NULL),
	(57, 'A3', '', NULL, 0, '', NULL, NULL, '2025-06-09 09:32:17', 161, NULL, NULL),
	(57, 'A4', '', NULL, 0, '', NULL, NULL, '2025-06-09 09:32:17', 161, NULL, NULL),
	(57, 'A5', '', NULL, 0, '', NULL, NULL, '2025-06-09 09:32:17', 161, NULL, NULL),
	(67, 'A1', '', NULL, 0, '', NULL, NULL, '2025-06-10 08:19:49', 161, NULL, NULL),
	(67, 'A2', '', NULL, 0, '', NULL, NULL, '2025-06-10 08:19:49', 161, NULL, NULL),
	(67, 'A3', '', NULL, 0, '', NULL, NULL, '2025-06-10 08:19:49', 161, NULL, NULL),
	(67, 'A4', '', NULL, 0, '', NULL, NULL, '2025-06-10 08:19:49', 161, NULL, NULL),
	(67, 'A5', '', NULL, 0, '', NULL, NULL, '2025-06-10 08:19:49', 161, NULL, NULL),
	(68, 'A1', '', NULL, 0, '', NULL, NULL, '2025-06-10 10:20:08', 161, NULL, NULL),
	(68, 'A2', '', NULL, 0, '', NULL, NULL, '2025-06-10 10:20:08', 161, NULL, NULL),
	(68, 'A3', '', NULL, 0, '', NULL, NULL, '2025-06-10 10:20:08', 161, NULL, NULL),
	(68, 'A4', '', NULL, 0, '', NULL, NULL, '2025-06-10 10:20:08', 161, NULL, NULL),
	(68, 'A5', '', NULL, 0, '', NULL, NULL, '2025-06-10 10:20:08', 161, NULL, NULL),
	(69, 'A1', '', NULL, 0, '', NULL, NULL, '2025-06-12 00:37:28', 161, NULL, NULL),
	(69, 'A2', '', NULL, 0, '', NULL, NULL, '2025-06-12 00:37:28', 161, NULL, NULL),
	(69, 'A3', '', NULL, 0, '', NULL, NULL, '2025-06-12 00:37:28', 161, NULL, NULL),
	(69, 'A4', '', NULL, 0, '', NULL, NULL, '2025-06-12 00:37:28', 161, NULL, NULL),
	(69, 'A5', '', NULL, 0, '', NULL, NULL, '2025-06-12 00:37:28', 161, NULL, NULL);

-- Dumping structure for table db_sahabat_unggul.ie_capacity_analih
CREATE TABLE IF NOT EXISTS `ie_capacity_analih` (
  `anali_id` bigint NOT NULL AUTO_INCREMENT,
  `anali_date` date NOT NULL,
  `anali_line` varchar(3) CHARACTER SET utf8mb3 COLLATE utf8mb3_bin NOT NULL,
  `anali_group` varchar(3) CHARACTER SET utf8mb3 COLLATE utf8mb3_bin NOT NULL,
  `anali_lead` varchar(50) CHARACTER SET utf8mb3 COLLATE utf8mb3_bin NOT NULL,
  `anali_part` varchar(50) CHARACTER SET utf8mb3 COLLATE utf8mb3_bin NOT NULL,
  `anali_fch` double DEFAULT NULL,
  `anali_eff` double DEFAULT NULL,
  `anali_hc` double DEFAULT NULL,
  `anali_wh` double DEFAULT NULL,
  `anali_by` varchar(150) CHARACTER SET utf8mb3 COLLATE utf8mb3_bin DEFAULT NULL,
  `add_date` datetime DEFAULT NULL,
  `add_id` bigint DEFAULT NULL,
  `mod_date` datetime DEFAULT NULL,
  `mod_id` bigint DEFAULT NULL,
  PRIMARY KEY (`anali_id`)
) ENGINE=InnoDB AUTO_INCREMENT=70 DEFAULT CHARSET=utf8mb3 COLLATE=utf8mb3_bin;

-- Dumping data for table db_sahabat_unggul.ie_capacity_analih: ~42 rows (approximately)
REPLACE INTO `ie_capacity_analih` (`anali_id`, `anali_date`, `anali_line`, `anali_group`, `anali_lead`, `anali_part`, `anali_fch`, `anali_eff`, `anali_hc`, `anali_wh`, `anali_by`, `add_date`, `add_id`, `mod_date`, `mod_id`) VALUES
	(1, '2025-05-02', '00', 'A', 'TEST', '11034-07844', 39.31, 1, 6, 7, NULL, '2025-04-24 10:33:41', 1, '2025-05-05 10:30:29', 1),
	(5, '2025-05-05', '08', 'A', '', '11029-74310', 16.577, 2, 2, 7, NULL, '2025-05-05 12:57:52', 1, '2025-05-05 17:14:46', 1),
	(9, '2025-05-05', '08', 'A', '', '11027-78339', 10.588, 0.75, 4, 7, NULL, '2025-05-05 15:15:02', 136, '2025-05-05 15:16:26', 136),
	(10, '2025-05-05', '10', '', '', '11033-19065', 291.086, 1, 42, 7, NULL, '2025-05-05 15:20:09', 136, NULL, NULL),
	(11, '2025-05-05', '10', '', '', '11034-90224', 178.447, 1.2, 22, 7, NULL, '2025-05-05 17:44:55', 136, '2025-05-07 08:54:39', 1),
	(13, '2025-05-08', '05', 'B', '', '11033-96163', 51.368, 1, 7, 7, NULL, '2025-05-08 15:50:46', 136, NULL, NULL),
	(16, '2025-05-10', '03', 'A', '', '11035-25944', 46.522, 0.72, 12, 5, 'KEVIN', '2025-05-10 14:01:05', 136, '2025-05-10 14:03:36', 136),
	(18, '2025-05-13', '21', 'B', '', '11025-71568', 22.3, 1, 4, 7, 'Maria', '2025-05-13 08:23:07', 136, NULL, NULL),
	(19, '2025-05-13', '25', '', '', '11033-27707', 32.669, 1, 5, 7, 'Maria', '2025-05-13 08:45:51', 136, NULL, NULL),
	(20, '2025-05-13', '21', '', '', '11031-09865', 55.573, 1.2, 10, 7, 'Maria', '2025-05-13 11:20:10', 136, NULL, NULL),
	(21, '2025-05-16', '05', 'B', '', '11033-23759', 64.38, 1, 12, 7, 'Awi', '2025-05-16 08:33:07', 136, '2025-05-16 11:07:56', 1),
	(22, '2025-05-16', '03', 'A', '', '11034-67277', 135.408, 0.5, 12, 7, 'Tegar ', '2025-05-16 09:05:53', 136, '2025-05-16 09:26:55', 136),
	(23, '2025-05-16', '21', 'C', '', '11031-09865', 55.573, 1.15, 12, 7, 'Tegar ', '2025-05-16 10:16:39', 136, '2025-05-16 11:06:45', 136),
	(26, '2025-05-16', '25', 'F', '', '11027-31205', 46.639, 0.7, 8, 7, 'Maria', '2025-05-16 14:13:18', 136, '2025-05-16 15:39:40', 136),
	(27, '2025-05-16', '03', 'C', '', '11028-92324', 107.662, 1.15, 19, 7, 'KEVIN', '2025-05-16 14:34:54', 136, '2025-05-16 18:05:11', 136),
	(28, '2025-05-16', '01', 'D', '', '11034-16853', 10.132, 0.85, 3, 7, 'KEVIN', '2025-05-16 14:44:12', 136, '2025-05-16 14:46:31', 136),
	(29, '2025-05-16', '01', 'E', '', '11031-12597', 31.37, 1.1, 8, 7, 'KEVIN', '2025-05-16 14:47:50', 136, '2025-05-16 15:55:31', 136),
	(30, '2025-05-16', '05', 'A', '', '11033-34896', 26.46, 1, 4, 7, 'Awi', '2025-05-16 15:48:22', 136, NULL, NULL),
	(31, '2025-05-16', '05', 'D', '', '11033-34893', 31.657, 1, 5, 7, 'Awi', '2025-05-16 15:51:43', 136, NULL, NULL),
	(32, '2025-05-19', '01', 'E', '', '11031-12597', 31.37, 1.15, 8, 7, 'KEVIN', '2025-05-19 10:57:42', 136, '2025-05-19 10:58:56', 136),
	(33, '2025-05-19', '09', '', '', '11032-46024', 22.135, 1, 3, 7, 'Maria', '2025-05-19 16:20:21', 136, NULL, NULL),
	(34, '2025-05-20', '09', '', '', '11034-09096', 182.075, 1.2, 20, 7, 'Maria', '2025-05-20 09:02:09', 136, NULL, NULL),
	(35, '2025-05-20', '04', 'D', '', '11033-34896', 26.46, 1.15, 7, 7, 'KEVIN', '2025-05-20 09:28:28', 136, '2025-05-20 09:35:10', 136),
	(36, '2025-05-20', '04', 'C', '', '11033-34894', 32.35, 1.15, 7, 7, 'KEVIN', '2025-05-20 10:14:41', 136, '2025-05-20 10:18:14', 136),
	(37, '2025-05-21', '15', '', '', '11034-29302', 86.175, 1, 12, 7, 'Maria', '2025-05-21 10:09:46', 136, NULL, NULL),
	(38, '2025-05-22', '21', '', '', '11034-06044', 70.806, 1, 10, 7, 'Maria', '2025-05-22 10:55:22', 136, NULL, NULL),
	(39, '2025-05-26', '10', '', '', '11034-52983', 139.489, 1, 20, 7, 'Maria', '2025-05-26 09:59:00', 136, NULL, NULL),
	(41, '2025-05-27', '30', '', '', '11032-44526', 15.82, 1, 4, 7, 'TEGAR', '2025-05-27 10:58:58', 136, '2025-05-27 11:04:16', 136),
	(42, '2025-05-27', '30', '', '', '11034-16852', 21.309, 1, 5, 7, 'TEGAR', '2025-05-27 11:00:43', 136, '2025-05-27 11:04:03', 136),
	(43, '2025-05-27', '30', '', '', '11030-31608', 14.821, 1, 3, 7, 'TEGAR', '2025-05-27 11:02:32', 136, '2025-05-27 11:03:29', 136),
	(44, '2025-05-27', '10', '', '', '11032-44525', 57.986, 1, 8, 7, 'Maria', '2025-05-27 13:38:45', 136, NULL, NULL),
	(45, '2025-05-27', '09', '', '', '11031-12598', 41.764, 1, 6, 7, 'Maria', '2025-05-27 14:29:14', 136, NULL, NULL),
	(46, '2025-05-27', '13', '', '', '11034-04126', 64.999, 1, 11, 7, 'TEGAR', '2025-05-27 14:30:10', 136, '2025-05-27 14:31:35', 136),
	(47, '2025-05-31', '13', '', '', '11034-05197', 48.736, 1, 7, 7, 'TEGAR', '2025-05-31 11:00:56', 136, NULL, NULL),
	(48, '2025-05-31', '03', 'B', '', '11035-29506', 62.714, 0.65, 8, 5, 'KEVIN', '2025-05-31 12:55:10', 136, '2025-05-31 13:02:42', 136),
	(49, '2025-06-02', '58', 'A', '', '11029-29530', 10.243, 1.15, 3, 7, 'TEGAR', '2025-06-02 13:37:02', 136, '2025-06-02 13:38:44', 136),
	(50, '2025-06-02', '17', 'A', '', '11033-80138', 49.821, 1, 10, 7, 'Rinta', '2025-06-02 14:33:17', 136, '2025-06-02 15:37:59', 136),
	(51, '2025-06-02', '17', '', '', '11029-29531', 11.722, 1, 4, 7, 'Rinta', '2025-06-02 15:38:38', 136, '2025-06-02 16:04:56', 136),
	(57, '2025-06-09', '08', 'A', '', '11026-49823', 60.83, 1, 9, 7, 'Bimo', '2025-06-09 09:32:17', 161, '2025-06-14 03:29:26', 161),
	(67, '2025-06-09', '08', 'A', '', '11029-29501', 8.827, 1, 1, 7, 'Bimo', '2025-06-10 08:19:49', 161, NULL, NULL),
	(68, '2025-06-10', '07', 'B', '', '11027-78339', 10.588, 1, 2, 7, 'Bimo', '2025-06-10 10:20:08', 161, NULL, NULL),
	(69, '2025-06-12', '08', 'A', '', '11027-78339', 10.588, 1, 2, 7, 'Bimo', '2025-06-12 00:37:28', 161, NULL, NULL);

/*!40103 SET TIME_ZONE=IFNULL(@OLD_TIME_ZONE, 'system') */;
/*!40101 SET SQL_MODE=IFNULL(@OLD_SQL_MODE, '') */;
/*!40014 SET FOREIGN_KEY_CHECKS=IFNULL(@OLD_FOREIGN_KEY_CHECKS, 1) */;
/*!40101 SET CHARACTER_SET_CLIENT=@OLD_CHARACTER_SET_CLIENT */;
/*!40111 SET SQL_NOTES=IFNULL(@OLD_SQL_NOTES, 1) */;
